<outputDef id="output.allDags"/>
<outputDef id="output.allDags1"/>
<outputDef id="output.allDags2"/>
<outputDef id="output.allDags3"/>
<outputDef id="output.latexs"/>
<outputDef id="output.latexs1"/>
<outputDef id="output.latexs2"/>
<outputDef id="output.latexs3"/>
<outputDef id="output.clls"/>
<outputDef id="output.dag"/>
<outputDef id="output.dag1"/>
<outputDef id="output.dag2"/>
<outputDef id="output.dag3"/>
<outputDef id="output.dags"/>
<outputDef id="output.dags1"/>
<outputDef id="output.dags2"/>
<outputDef id="output.dags3"/>
<outputDef id="output.decode"/>
<outputDef id="output.latex"/>
<outputDef id="output.latex1"/>
<outputDef id="output.latex2"/>
<outputDef id="output.latex3"/>
<outputDef id="output.latexs"/>
<outputDef id="output.latexs1"/>
<outputDef id="output.latexs2"/>
<outputDef id="output.latexs3"/>
<outputDef id="output.pretty"/>
<outputDef id="output.pretty1"/>
<outputDef id="output.xml"/>
<outputDef id="output.xml1"/>
<outputDef id="output.xml2"/>
<outputDef id="output.xml3"/>
<outputDef id="output.xml4"/>
<outputDef id="output.xtag"/>
