<principleDef id="principle.agr"/>
<principleDef id="principle.agrPW"/>
<principleDef id="principle.agreement"/>
<principleDef id="principle.agreement1"/>
<principleDef id="principle.agreementDissPW"/>
<principleDef id="principle.agreementPW"/>
<principleDef id="principle.agreementSubset"/>
<principleDef id="principle.agreementSubsetDiplomPW"/>
<principleDef id="principle.barriers"/>
<principleDef id="principle.barriers.attrib"/>
<principleDef id="principle.barriers.labels"/>
<principleDef id="principle.barriersPW"/>
<principleDef id="principle.barsPW"/>
<principleDef id="principle.blockPW"/>
<principleDef id="principle.catPW"/>
<principleDef id="principle.chorus"/>
<principleDef id="principle.climbing"/>
<principleDef id="principle.climbingPW"/>
<principleDef id="principle.climbingSubgraphsPW"/>
<principleDef id="principle.coindex"/>
<principleDef id="principle.commas1PW"/>
<principleDef id="principle.commasPW"/>
<principleDef id="principle.csd"/>
<principleDef id="principle.csdPW"/>
<principleDef id="principle.customs"/>
<principleDef id="principle.dag"/>
<principleDef id="principle.dagPW"/>
<principleDef id="principle.disjointDaughtersPW"/>
<principleDef id="principle.dominancePW"/>
<principleDef id="principle.dutch"/>
<principleDef id="principle.entries"/>
<principleDef id="principle.government"/>
<principleDef id="principle.government1"/>
<principleDef id="principle.government1PW"/>
<principleDef id="principle.governmentAcl01PW"/>
<principleDef id="principle.governmentDiplomPW"/>
<principleDef id="principle.governmentDissPW"/>
<principleDef id="principle.graph"/>
<principleDef id="principle.graph1"/>
<principleDef id="principle.graph1Constraints"/>
<principleDef id="principle.graph1Dist"/>
<principleDef id="principle.graphConstraints"/>
<principleDef id="principle.graphDist"/>
<principleDef id="principle.graphPW"/>
<principleDef id="principle.graphPWConstraints"/>
<principleDef id="principle.graphPWDist"/>
<principleDef id="principle.in"/>
<principleDef id="principle.in1"/>
<principleDef id="principle.in2"/>
<principleDef id="principle.lcfgPW"/>
<principleDef id="principle.linking12BelowStartEnd"/>
<principleDef id="principle.linkingAbove"/>
<principleDef id="principle.linkingAboveBelow1or2Start"/>
<principleDef id="principle.linkingAboveBelow1or2StartPW"/>
<principleDef id="principle.linkingAboveEnd"/>
<principleDef id="principle.linkingAboveEndPW"/>
<principleDef id="principle.linkingAboveStart"/>
<principleDef id="principle.linkingAboveStartEnd"/>
<principleDef id="principle.linkingBelow"/>
<principleDef id="principle.linkingBelow1or2Start"/>
<principleDef id="principle.linkingBelow1or2StartPW"/>
<principleDef id="principle.linkingBelowEnd"/>
<principleDef id="principle.linkingBelowEndPW"/>
<principleDef id="principle.linkingBelowStart"/>
<principleDef id="principle.linkingBelowStartEnd"/>
<principleDef id="principle.linkingBelowStartPW"/>
<principleDef id="principle.linkingDaughter"/>
<principleDef id="principle.linkingDaughterEnd"/>
<principleDef id="principle.linkingDaughterEndDissPW"/>
<principleDef id="principle.linkingDaughterEndPW"/>
<principleDef id="principle.linkingEnd"/>
<principleDef id="principle.linkingEndDissPW"/>
<principleDef id="principle.linkingEndPW"/>
<principleDef id="principle.linkingMother"/>
<principleDef id="principle.linkingMotherEnd"/>
<principleDef id="principle.linkingMotherPW"/>
<principleDef id="principle.linkingNotDaughter"/>
<principleDef id="principle.linkingNotMother"/>
<principleDef id="principle.linkingSisters"/>
<principleDef id="principle.lockingDaughters"/>
<principleDef id="principle.lockingDaughtersDissIDPAPW"/>
<principleDef id="principle.lockingDaughtersDissPAPW"/>
<principleDef id="principle.lookright"/>
<principleDef id="principle.nodeconstraints"/>
<principleDef id="principle.nodeconstraints1"/>
<principleDef id="principle.order"/>
<principleDef id="principle.order1"/>
<principleDef id="principle.order2"/>
<principleDef id="principle.orderBlocksPW"/>
<principleDef id="principle.orderDepsPW"/>
<principleDef id="principle.orderPW"/>
<principleDef id="principle.orderWithCuts"/>
<principleDef id="principle.out"/>
<principleDef id="principle.pAgrPW"/>
<principleDef id="principle.pGovernmentDissPW"/>
<principleDef id="principle.partialAgreement"/>
<principleDef id="principle.partialAgreementDissPW"/>
<principleDef id="principle.pl"/>
<principleDef id="principle.plPW"/>
<principleDef id="principle.projectivity"/>
<principleDef id="principle.projectivityPW"/>
<principleDef id="principle.relative"/>
<principleDef id="principle.sameEdges"/>
<principleDef id="principle.scopePW"/>
<principleDef id="principle.subgraphs"/>
<principleDef id="principle.subgraphsDissPW"/>
<principleDef id="principle.subgraphsPW"/>
<principleDef id="principle.tag"/>
<principleDef id="principle.test"/>
<principleDef id="principle.testPW"/>
<principleDef id="principle.tree"/>
<principleDef id="principle.tree1"/>
<principleDef id="principle.treePW"/>
<principleDef id="principle.valency"/>
<principleDef id="principle.valencyPW"/>
<principleDef id="principle.xTAG"/>
<principleDef id="principle.xTAGLinking"/>
<principleDef id="principle.xTAGRedundant"/>
<principleDef id="principle.xTAGRoot"/>
